68;1689940249000;Fri Jul 21 2023 13:50:49 GMT+0200 (Mitteleuropäische Sommerzeit)
69;1689940249000;Fri Jul 21 2023 13:50:49 GMT+0200 (Mitteleuropäische Sommerzeit)
73;1689940250000;Fri Jul 21 2023 13:50:50 GMT+0200 (Mitteleuropäische Sommerzeit)
70;1689940251000;Fri Jul 21 2023 13:50:51 GMT+0200 (Mitteleuropäische Sommerzeit)
50;1689940252000;Fri Jul 21 2023 13:50:52 GMT+0200 (Mitteleuropäische Sommerzeit)
66;1689940277000;Fri Jul 21 2023 13:51:17 GMT+0200 (Mitteleuropäische Sommerzeit)
69;1689940278000;Fri Jul 21 2023 13:51:18 GMT+0200 (Mitteleuropäische Sommerzeit)
67;1689940279000;Fri Jul 21 2023 13:51:19 GMT+0200 (Mitteleuropäische Sommerzeit)
75;1689940280000;Fri Jul 21 2023 13:51:20 GMT+0200 (Mitteleuropäische Sommerzeit)
74;1689940281000;Fri Jul 21 2023 13:51:21 GMT+0200 (Mitteleuropäische Sommerzeit)
50;1689940282000;Fri Jul 21 2023 13:51:22 GMT+0200 (Mitteleuropäische Sommerzeit)
70;1689940307000;Fri Jul 21 2023 13:51:47 GMT+0200 (Mitteleuropäische Sommerzeit)
67;1689940308000;Fri Jul 21 2023 13:51:48 GMT+0200 (Mitteleuropäische Sommerzeit)
75;1689940309000;Fri Jul 21 2023 13:51:49 GMT+0200 (Mitteleuropäische Sommerzeit)
71;1689940310000;Fri Jul 21 2023 13:51:50 GMT+0200 (Mitteleuropäische Sommerzeit)
70;1689940311000;Fri Jul 21 2023 13:51:51 GMT+0200 (Mitteleuropäische Sommerzeit)
50;1689940386000;Fri Jul 21 2023 13:53:06 GMT+0200 (Mitteleuropäische Sommerzeit)
70;1689940397000;Fri Jul 21 2023 13:53:17 GMT+0200 (Mitteleuropäische Sommerzeit)
66;1689940398000;Fri Jul 21 2023 13:53:18 GMT+0200 (Mitteleuropäische Sommerzeit)
72;1689940399000;Fri Jul 21 2023 13:53:19 GMT+0200 (Mitteleuropäische Sommerzeit)
66;1689940400000;Fri Jul 21 2023 13:53:20 GMT+0200 (Mitteleuropäische Sommerzeit)
72;1689940401000;Fri Jul 21 2023 13:53:21 GMT+0200 (Mitteleuropäische Sommerzeit)
50;1689940402000;Fri Jul 21 2023 13:53:22 GMT+0200 (Mitteleuropäische Sommerzeit)
70;1689940427000;Fri Jul 21 2023 13:53:47 GMT+0200 (Mitteleuropäische Sommerzeit)
72;1689940428000;Fri Jul 21 2023 13:53:48 GMT+0200 (Mitteleuropäische Sommerzeit)
68;1689940429000;Fri Jul 21 2023 13:53:49 GMT+0200 (Mitteleuropäische Sommerzeit)
72;1689940430000;Fri Jul 21 2023 13:53:50 GMT+0200 (Mitteleuropäische Sommerzeit)
74;1689940431000;Fri Jul 21 2023 13:53:51 GMT+0200 (Mitteleuropäische Sommerzeit)
50;1689940432000;Fri Jul 21 2023 13:53:52 GMT+0200 (Mitteleuropäische Sommerzeit)
73;1689940457000;Fri Jul 21 2023 13:54:17 GMT+0200 (Mitteleuropäische Sommerzeit)
67;1689940458000;Fri Jul 21 2023 13:54:18 GMT+0200 (Mitteleuropäische Sommerzeit)
69;1689940459000;Fri Jul 21 2023 13:54:19 GMT+0200 (Mitteleuropäische Sommerzeit)
65;1689940461000;Fri Jul 21 2023 13:54:21 GMT+0200 (Mitteleuropäische Sommerzeit)
50;1689940462000;Fri Jul 21 2023 13:54:22 GMT+0200 (Mitteleuropäische Sommerzeit)
68;1689940487000;Fri Jul 21 2023 13:54:47 GMT+0200 (Mitteleuropäische Sommerzeit)
65;1689940488000;Fri Jul 21 2023 13:54:48 GMT+0200 (Mitteleuropäische Sommerzeit)
70;1689940489000;Fri Jul 21 2023 13:54:49 GMT+0200 (Mitteleuropäische Sommerzeit)
71;1689940490000;Fri Jul 21 2023 13:54:50 GMT+0200 (Mitteleuropäische Sommerzeit)
72;1689940491000;Fri Jul 21 2023 13:54:51 GMT+0200 (Mitteleuropäische Sommerzeit)
50;1689940492000;Fri Jul 21 2023 13:54:52 GMT+0200 (Mitteleuropäische Sommerzeit)
65;1689940517000;Fri Jul 21 2023 13:55:17 GMT+0200 (Mitteleuropäische Sommerzeit)
71;1689940519000;Fri Jul 21 2023 13:55:19 GMT+0200 (Mitteleuropäische Sommerzeit)
72;1689940520000;Fri Jul 21 2023 13:55:20 GMT+0200 (Mitteleuropäische Sommerzeit)
73;1689940521000;Fri Jul 21 2023 13:55:21 GMT+0200 (Mitteleuropäische Sommerzeit)
50;1689940522000;Fri Jul 21 2023 13:55:22 GMT+0200 (Mitteleuropäische Sommerzeit)
75;1689940547000;Fri Jul 21 2023 13:55:47 GMT+0200 (Mitteleuropäische Sommerzeit)
71;1689940548000;Fri Jul 21 2023 13:55:48 GMT+0200 (Mitteleuropäische Sommerzeit)
66;1689940549000;Fri Jul 21 2023 13:55:49 GMT+0200 (Mitteleuropäische Sommerzeit)
50;1689940552000;Fri Jul 21 2023 13:55:52 GMT+0200 (Mitteleuropäische Sommerzeit)
69;1689940577000;Fri Jul 21 2023 13:56:17 GMT+0200 (Mitteleuropäische Sommerzeit)
70;1689940578000;Fri Jul 21 2023 13:56:18 GMT+0200 (Mitteleuropäische Sommerzeit)
71;1689940579000;Fri Jul 21 2023 13:56:19 GMT+0200 (Mitteleuropäische Sommerzeit)
66;1689940580000;Fri Jul 21 2023 13:56:20 GMT+0200 (Mitteleuropäische Sommerzeit)
68;1689940581000;Fri Jul 21 2023 13:56:21 GMT+0200 (Mitteleuropäische Sommerzeit)
50;1689940582000;Fri Jul 21 2023 13:56:22 GMT+0200 (Mitteleuropäische Sommerzeit)
74;1689940607000;Fri Jul 21 2023 13:56:47 GMT+0200 (Mitteleuropäische Sommerzeit)
70;1689940609000;Fri Jul 21 2023 13:56:49 GMT+0200 (Mitteleuropäische Sommerzeit)
79;1689940610000;Fri Jul 21 2023 13:56:50 GMT+0200 (Mitteleuropäische Sommerzeit)
64;1689940611000;Fri Jul 21 2023 13:56:51 GMT+0200 (Mitteleuropäische Sommerzeit)
50;1689940612000;Fri Jul 21 2023 13:56:52 GMT+0200 (Mitteleuropäische Sommerzeit)
69;1689940637000;Fri Jul 21 2023 13:57:17 GMT+0200 (Mitteleuropäische Sommerzeit)
64;1689940638000;Fri Jul 21 2023 13:57:18 GMT+0200 (Mitteleuropäische Sommerzeit)
70;1689940639000;Fri Jul 21 2023 13:57:19 GMT+0200 (Mitteleuropäische Sommerzeit)
69;1689940640000;Fri Jul 21 2023 13:57:20 GMT+0200 (Mitteleuropäische Sommerzeit)
70;1689940641000;Fri Jul 21 2023 13:57:21 GMT+0200 (Mitteleuropäische Sommerzeit)
50;1689940642000;Fri Jul 21 2023 13:57:22 GMT+0200 (Mitteleuropäische Sommerzeit)
74;1689940667000;Fri Jul 21 2023 13:57:47 GMT+0200 (Mitteleuropäische Sommerzeit)
72;1689940668000;Fri Jul 21 2023 13:57:48 GMT+0200 (Mitteleuropäische Sommerzeit)
67;1689940669000;Fri Jul 21 2023 13:57:49 GMT+0200 (Mitteleuropäische Sommerzeit)
73;1689940670000;Fri Jul 21 2023 13:57:50 GMT+0200 (Mitteleuropäische Sommerzeit)
70;1689940671000;Fri Jul 21 2023 13:57:51 GMT+0200 (Mitteleuropäische Sommerzeit)
50;1689940672000;Fri Jul 21 2023 13:57:52 GMT+0200 (Mitteleuropäische Sommerzeit)
67;1689940697000;Fri Jul 21 2023 13:58:17 GMT+0200 (Mitteleuropäische Sommerzeit)
70;1689940698000;Fri Jul 21 2023 13:58:18 GMT+0200 (Mitteleuropäische Sommerzeit)
72;1689940699000;Fri Jul 21 2023 13:58:19 GMT+0200 (Mitteleuropäische Sommerzeit)
70;1689940700000;Fri Jul 21 2023 13:58:20 GMT+0200 (Mitteleuropäische Sommerzeit)
73;1689940701000;Fri Jul 21 2023 13:58:21 GMT+0200 (Mitteleuropäische Sommerzeit)
50;1689940702000;Fri Jul 21 2023 13:58:22 GMT+0200 (Mitteleuropäische Sommerzeit)
69;1689940727000;Fri Jul 21 2023 13:58:47 GMT+0200 (Mitteleuropäische Sommerzeit)
76;1689940728000;Fri Jul 21 2023 13:58:48 GMT+0200 (Mitteleuropäische Sommerzeit)
67;1689940729000;Fri Jul 21 2023 13:58:49 GMT+0200 (Mitteleuropäische Sommerzeit)
76;1689940730000;Fri Jul 21 2023 13:58:50 GMT+0200 (Mitteleuropäische Sommerzeit)
75;1689940731000;Fri Jul 21 2023 13:58:51 GMT+0200 (Mitteleuropäische Sommerzeit)
50;1689940732000;Fri Jul 21 2023 13:58:52 GMT+0200 (Mitteleuropäische Sommerzeit)
76;1689940757000;Fri Jul 21 2023 13:59:17 GMT+0200 (Mitteleuropäische Sommerzeit)
68;1689940758000;Fri Jul 21 2023 13:59:18 GMT+0200 (Mitteleuropäische Sommerzeit)
72;1689940759000;Fri Jul 21 2023 13:59:19 GMT+0200 (Mitteleuropäische Sommerzeit)
68;1689940760000;Fri Jul 21 2023 13:59:20 GMT+0200 (Mitteleuropäische Sommerzeit)
72;1689940761000;Fri Jul 21 2023 13:59:21 GMT+0200 (Mitteleuropäische Sommerzeit)
50;1689940762000;Fri Jul 21 2023 13:59:22 GMT+0200 (Mitteleuropäische Sommerzeit)
74;1689940787000;Fri Jul 21 2023 13:59:47 GMT+0200 (Mitteleuropäische Sommerzeit)
70;1689940788000;Fri Jul 21 2023 13:59:48 GMT+0200 (Mitteleuropäische Sommerzeit)
68;1689940790000;Fri Jul 21 2023 13:59:50 GMT+0200 (Mitteleuropäische Sommerzeit)
72;1689940791000;Fri Jul 21 2023 13:59:51 GMT+0200 (Mitteleuropäische Sommerzeit)
50;1689940792000;Fri Jul 21 2023 13:59:52 GMT+0200 (Mitteleuropäische Sommerzeit)
74;1689940817000;Fri Jul 21 2023 14:00:17 GMT+0200 (Mitteleuropäische Sommerzeit)
69;1689940818000;Fri Jul 21 2023 14:00:18 GMT+0200 (Mitteleuropäische Sommerzeit)
67;1689940819000;Fri Jul 21 2023 14:00:19 GMT+0200 (Mitteleuropäische Sommerzeit)
71;1689940820000;Fri Jul 21 2023 14:00:20 GMT+0200 (Mitteleuropäische Sommerzeit)
73;1689940821000;Fri Jul 21 2023 14:00:21 GMT+0200 (Mitteleuropäische Sommerzeit)
50;1689940822000;Fri Jul 21 2023 14:00:22 GMT+0200 (Mitteleuropäische Sommerzeit)
70;1689940847000;Fri Jul 21 2023 14:00:47 GMT+0200 (Mitteleuropäische Sommerzeit)
69;1689940849000;Fri Jul 21 2023 14:00:49 GMT+0200 (Mitteleuropäische Sommerzeit)
73;1689940850000;Fri Jul 21 2023 14:00:50 GMT+0200 (Mitteleuropäische Sommerzeit)
62;1689940851000;Fri Jul 21 2023 14:00:51 GMT+0200 (Mitteleuropäische Sommerzeit)
50;1689940852000;Fri Jul 21 2023 14:00:52 GMT+0200 (Mitteleuropäische Sommerzeit)
67;1689940877000;Fri Jul 21 2023 14:01:17 GMT+0200 (Mitteleuropäische Sommerzeit)
74;1689940878000;Fri Jul 21 2023 14:01:18 GMT+0200 (Mitteleuropäische Sommerzeit)
73;1689940879000;Fri Jul 21 2023 14:01:19 GMT+0200 (Mitteleuropäische Sommerzeit)
75;1689940880000;Fri Jul 21 2023 14:01:20 GMT+0200 (Mitteleuropäische Sommerzeit)
69;1689940881000;Fri Jul 21 2023 14:01:21 GMT+0200 (Mitteleuropäische Sommerzeit)
50;1689940882000;Fri Jul 21 2023 14:01:22 GMT+0200 (Mitteleuropäische Sommerzeit)
66;1689940907000;Fri Jul 21 2023 14:01:47 GMT+0200 (Mitteleuropäische Sommerzeit)
71;1689940908000;Fri Jul 21 2023 14:01:48 GMT+0200 (Mitteleuropäische Sommerzeit)
70;1689940909000;Fri Jul 21 2023 14:01:49 GMT+0200 (Mitteleuropäische Sommerzeit)
64;1689940910000;Fri Jul 21 2023 14:01:50 GMT+0200 (Mitteleuropäische Sommerzeit)
75;1689940911000;Fri Jul 21 2023 14:01:51 GMT+0200 (Mitteleuropäische Sommerzeit)
50;1689940912000;Fri Jul 21 2023 14:01:52 GMT+0200 (Mitteleuropäische Sommerzeit)
70;1689940937000;Fri Jul 21 2023 14:02:17 GMT+0200 (Mitteleuropäische Sommerzeit)
73;1689940938000;Fri Jul 21 2023 14:02:18 GMT+0200 (Mitteleuropäische Sommerzeit)
76;1689940939000;Fri Jul 21 2023 14:02:19 GMT+0200 (Mitteleuropäische Sommerzeit)
67;1689940940000;Fri Jul 21 2023 14:02:20 GMT+0200 (Mitteleuropäische Sommerzeit)
75;1689940941000;Fri Jul 21 2023 14:02:21 GMT+0200 (Mitteleuropäische Sommerzeit)
50;1689940942000;Fri Jul 21 2023 14:02:22 GMT+0200 (Mitteleuropäische Sommerzeit)
70;1689940967000;Fri Jul 21 2023 14:02:47 GMT+0200 (Mitteleuropäische Sommerzeit)
73;1689940969000;Fri Jul 21 2023 14:02:49 GMT+0200 (Mitteleuropäische Sommerzeit)
67;1689940970000;Fri Jul 21 2023 14:02:50 GMT+0200 (Mitteleuropäische Sommerzeit)
68;1689940971000;Fri Jul 21 2023 14:02:51 GMT+0200 (Mitteleuropäische Sommerzeit)
50;1689940972000;Fri Jul 21 2023 14:02:52 GMT+0200 (Mitteleuropäische Sommerzeit)
74;1689940997000;Fri Jul 21 2023 14:03:17 GMT+0200 (Mitteleuropäische Sommerzeit)
71;1689940998000;Fri Jul 21 2023 14:03:18 GMT+0200 (Mitteleuropäische Sommerzeit)
74;1689940999000;Fri Jul 21 2023 14:03:19 GMT+0200 (Mitteleuropäische Sommerzeit)
73;1689941000000;Fri Jul 21 2023 14:03:20 GMT+0200 (Mitteleuropäische Sommerzeit)
68;1689941001000;Fri Jul 21 2023 14:03:21 GMT+0200 (Mitteleuropäische Sommerzeit)
50;1689941002000;Fri Jul 21 2023 14:03:22 GMT+0200 (Mitteleuropäische Sommerzeit)
68;1689941027000;Fri Jul 21 2023 14:03:47 GMT+0200 (Mitteleuropäische Sommerzeit)
69;1689941028000;Fri Jul 21 2023 14:03:48 GMT+0200 (Mitteleuropäische Sommerzeit)
70;1689941030000;Fri Jul 21 2023 14:03:50 GMT+0200 (Mitteleuropäische Sommerzeit)
69;1689941031000;Fri Jul 21 2023 14:03:51 GMT+0200 (Mitteleuropäische Sommerzeit)
50;1689941032000;Fri Jul 21 2023 14:03:52 GMT+0200 (Mitteleuropäische Sommerzeit)
71;1689941057000;Fri Jul 21 2023 14:04:17 GMT+0200 (Mitteleuropäische Sommerzeit)
70;1689941058000;Fri Jul 21 2023 14:04:18 GMT+0200 (Mitteleuropäische Sommerzeit)
66;1689941059000;Fri Jul 21 2023 14:04:19 GMT+0200 (Mitteleuropäische Sommerzeit)
70;1689941060000;Fri Jul 21 2023 14:04:20 GMT+0200 (Mitteleuropäische Sommerzeit)
50;1689941062000;Fri Jul 21 2023 14:04:22 GMT+0200 (Mitteleuropäische Sommerzeit)
71;1689941087000;Fri Jul 21 2023 14:04:47 GMT+0200 (Mitteleuropäische Sommerzeit)
65;1689941088000;Fri Jul 21 2023 14:04:48 GMT+0200 (Mitteleuropäische Sommerzeit)
69;1689941089000;Fri Jul 21 2023 14:04:49 GMT+0200 (Mitteleuropäische Sommerzeit)
70;1689941090000;Fri Jul 21 2023 14:04:50 GMT+0200 (Mitteleuropäische Sommerzeit)
71;1689941091000;Fri Jul 21 2023 14:04:51 GMT+0200 (Mitteleuropäische Sommerzeit)
50;1689941092000;Fri Jul 21 2023 14:04:52 GMT+0200 (Mitteleuropäische Sommerzeit)
50;1689941108000;Fri Jul 21 2023 14:05:08 GMT+0200 (Mitteleuropäische Sommerzeit)
69;1689941117000;Fri Jul 21 2023 14:05:17 GMT+0200 (Mitteleuropäische Sommerzeit)
71;1689941120000;Fri Jul 21 2023 14:05:20 GMT+0200 (Mitteleuropäische Sommerzeit)
70;1689941121000;Fri Jul 21 2023 14:05:21 GMT+0200 (Mitteleuropäische Sommerzeit)
50;1689941124000;Fri Jul 21 2023 14:05:24 GMT+0200 (Mitteleuropäische Sommerzeit)
50;1689941241000;Fri Jul 21 2023 14:07:21 GMT+0200 (Mitteleuropäische Sommerzeit)
50;1689941286000;Fri Jul 21 2023 14:08:06 GMT+0200 (Mitteleuropäische Sommerzeit)
72;1689941297000;Fri Jul 21 2023 14:08:17 GMT+0200 (Mitteleuropäische Sommerzeit)
71;1689941298000;Fri Jul 21 2023 14:08:18 GMT+0200 (Mitteleuropäische Sommerzeit)
70;1689941299000;Fri Jul 21 2023 14:08:19 GMT+0200 (Mitteleuropäische Sommerzeit)
73;1689941301000;Fri Jul 21 2023 14:08:21 GMT+0200 (Mitteleuropäische Sommerzeit)
50;1689941302000;Fri Jul 21 2023 14:08:22 GMT+0200 (Mitteleuropäische Sommerzeit)
68;1689941327000;Fri Jul 21 2023 14:08:47 GMT+0200 (Mitteleuropäische Sommerzeit)
67;1689941328000;Fri Jul 21 2023 14:08:48 GMT+0200 (Mitteleuropäische Sommerzeit)
68;1689941329000;Fri Jul 21 2023 14:08:49 GMT+0200 (Mitteleuropäische Sommerzeit)
67;1689941330000;Fri Jul 21 2023 14:08:50 GMT+0200 (Mitteleuropäische Sommerzeit)
70;1689941331000;Fri Jul 21 2023 14:08:51 GMT+0200 (Mitteleuropäische Sommerzeit)
50;1689941332000;Fri Jul 21 2023 14:08:52 GMT+0200 (Mitteleuropäische Sommerzeit)
65;1689941357000;Fri Jul 21 2023 14:09:17 GMT+0200 (Mitteleuropäische Sommerzeit)
70;1689941358000;Fri Jul 21 2023 14:09:18 GMT+0200 (Mitteleuropäische Sommerzeit)
65;1689941359000;Fri Jul 21 2023 14:09:19 GMT+0200 (Mitteleuropäische Sommerzeit)
68;1689941360000;Fri Jul 21 2023 14:09:20 GMT+0200 (Mitteleuropäische Sommerzeit)
69;1689941361000;Fri Jul 21 2023 14:09:21 GMT+0200 (Mitteleuropäische Sommerzeit)
50;1689941362000;Fri Jul 21 2023 14:09:22 GMT+0200 (Mitteleuropäische Sommerzeit)
68;1689941387000;Fri Jul 21 2023 14:09:47 GMT+0200 (Mitteleuropäische Sommerzeit)
74;1689941389000;Fri Jul 21 2023 14:09:49 GMT+0200 (Mitteleuropäische Sommerzeit)
50;1689941394000;Fri Jul 21 2023 14:09:54 GMT+0200 (Mitteleuropäische Sommerzeit)
69;1689941417000;Fri Jul 21 2023 14:10:17 GMT+0200 (Mitteleuropäische Sommerzeit)
68;1689941421000;Fri Jul 21 2023 14:10:21 GMT+0200 (Mitteleuropäische Sommerzeit)
50;1689941422000;Fri Jul 21 2023 14:10:22 GMT+0200 (Mitteleuropäische Sommerzeit)
66;1689941447000;Fri Jul 21 2023 14:10:47 GMT+0200 (Mitteleuropäische Sommerzeit)
71;1689941448000;Fri Jul 21 2023 14:10:48 GMT+0200 (Mitteleuropäische Sommerzeit)
69;1689941449000;Fri Jul 21 2023 14:10:49 GMT+0200 (Mitteleuropäische Sommerzeit)
74;1689941450000;Fri Jul 21 2023 14:10:50 GMT+0200 (Mitteleuropäische Sommerzeit)
76;1689941451000;Fri Jul 21 2023 14:10:51 GMT+0200 (Mitteleuropäische Sommerzeit)
50;1689941452000;Fri Jul 21 2023 14:10:52 GMT+0200 (Mitteleuropäische Sommerzeit)
74;1689941477000;Fri Jul 21 2023 14:11:17 GMT+0200 (Mitteleuropäische Sommerzeit)
66;1689941478000;Fri Jul 21 2023 14:11:18 GMT+0200 (Mitteleuropäische Sommerzeit)
71;1689941479000;Fri Jul 21 2023 14:11:19 GMT+0200 (Mitteleuropäische Sommerzeit)
69;1689941480000;Fri Jul 21 2023 14:11:20 GMT+0200 (Mitteleuropäische Sommerzeit)
72;1689941481000;Fri Jul 21 2023 14:11:21 GMT+0200 (Mitteleuropäische Sommerzeit)
50;1689941482000;Fri Jul 21 2023 14:11:22 GMT+0200 (Mitteleuropäische Sommerzeit)
0;1689941496000;Fri Jul 21 2023 14:11:36 GMT+0200 (Mitteleuropäische Sommerzeit)
0;1689941771000;Fri Jul 21 2023 14:16:11 GMT+0200 (Mitteleuropäische Sommerzeit)
0;1689941846000;Fri Jul 21 2023 14:17:26 GMT+0200 (Mitteleuropäische Sommerzeit)
0;1689941889000;Fri Jul 21 2023 14:18:09 GMT+0200 (Mitteleuropäische Sommerzeit)
0;1689942056000;Fri Jul 21 2023 14:20:56 GMT+0200 (Mitteleuropäische Sommerzeit)
50;1689942096000;Fri Jul 21 2023 14:21:36 GMT+0200 (Mitteleuropäische Sommerzeit)
75;1689942107000;Fri Jul 21 2023 14:21:47 GMT+0200 (Mitteleuropäische Sommerzeit)
76;1689942108000;Fri Jul 21 2023 14:21:48 GMT+0200 (Mitteleuropäische Sommerzeit)
65;1689942109000;Fri Jul 21 2023 14:21:49 GMT+0200 (Mitteleuropäische Sommerzeit)
71;1689942110000;Fri Jul 21 2023 14:21:50 GMT+0200 (Mitteleuropäische Sommerzeit)
69;1689942111000;Fri Jul 21 2023 14:21:51 GMT+0200 (Mitteleuropäische Sommerzeit)
50;1689942112000;Fri Jul 21 2023 14:21:52 GMT+0200 (Mitteleuropäische Sommerzeit)
68;1689942137000;Fri Jul 21 2023 14:22:17 GMT+0200 (Mitteleuropäische Sommerzeit)
75;1689942139000;Fri Jul 21 2023 14:22:19 GMT+0200 (Mitteleuropäische Sommerzeit)
67;1689942140000;Fri Jul 21 2023 14:22:20 GMT+0200 (Mitteleuropäische Sommerzeit)
72;1689942141000;Fri Jul 21 2023 14:22:21 GMT+0200 (Mitteleuropäische Sommerzeit)
50;1689942142000;Fri Jul 21 2023 14:22:22 GMT+0200 (Mitteleuropäische Sommerzeit)
68;1689942167000;Fri Jul 21 2023 14:22:47 GMT+0200 (Mitteleuropäische Sommerzeit)
70;1689942168000;Fri Jul 21 2023 14:22:48 GMT+0200 (Mitteleuropäische Sommerzeit)
73;1689942171000;Fri Jul 21 2023 14:22:51 GMT+0200 (Mitteleuropäische Sommerzeit)
50;1689942172000;Fri Jul 21 2023 14:22:52 GMT+0200 (Mitteleuropäische Sommerzeit)
72;1689942197000;Fri Jul 21 2023 14:23:17 GMT+0200 (Mitteleuropäische Sommerzeit)
71;1689942198000;Fri Jul 21 2023 14:23:18 GMT+0200 (Mitteleuropäische Sommerzeit)
70;1689942199000;Fri Jul 21 2023 14:23:19 GMT+0200 (Mitteleuropäische Sommerzeit)
74;1689942201000;Fri Jul 21 2023 14:23:21 GMT+0200 (Mitteleuropäische Sommerzeit)
50;1689942202000;Fri Jul 21 2023 14:23:22 GMT+0200 (Mitteleuropäische Sommerzeit)
69;1689942227000;Fri Jul 21 2023 14:23:47 GMT+0200 (Mitteleuropäische Sommerzeit)
67;1689942228000;Fri Jul 21 2023 14:23:48 GMT+0200 (Mitteleuropäische Sommerzeit)
74;1689942229000;Fri Jul 21 2023 14:23:49 GMT+0200 (Mitteleuropäische Sommerzeit)
71;1689942230000;Fri Jul 21 2023 14:23:50 GMT+0200 (Mitteleuropäische Sommerzeit)
65;1689942231000;Fri Jul 21 2023 14:23:51 GMT+0200 (Mitteleuropäische Sommerzeit)
50;1689942232000;Fri Jul 21 2023 14:23:52 GMT+0200 (Mitteleuropäische Sommerzeit)
69;1689942257000;Fri Jul 21 2023 14:24:17 GMT+0200 (Mitteleuropäische Sommerzeit)
70;1689942258000;Fri Jul 21 2023 14:24:18 GMT+0200 (Mitteleuropäische Sommerzeit)
72;1689942259000;Fri Jul 21 2023 14:24:19 GMT+0200 (Mitteleuropäische Sommerzeit)
73;1689942260000;Fri Jul 21 2023 14:24:20 GMT+0200 (Mitteleuropäische Sommerzeit)
50;1689942262000;Fri Jul 21 2023 14:24:22 GMT+0200 (Mitteleuropäische Sommerzeit)
70;1689942287000;Fri Jul 21 2023 14:24:47 GMT+0200 (Mitteleuropäische Sommerzeit)
67;1689942288000;Fri Jul 21 2023 14:24:48 GMT+0200 (Mitteleuropäische Sommerzeit)
70;1689942289000;Fri Jul 21 2023 14:24:49 GMT+0200 (Mitteleuropäische Sommerzeit)
67;1689942290000;Fri Jul 21 2023 14:24:50 GMT+0200 (Mitteleuropäische Sommerzeit)
72;1689942291000;Fri Jul 21 2023 14:24:51 GMT+0200 (Mitteleuropäische Sommerzeit)
50;1689942292000;Fri Jul 21 2023 14:24:52 GMT+0200 (Mitteleuropäische Sommerzeit)
72;1689942317000;Fri Jul 21 2023 14:25:17 GMT+0200 (Mitteleuropäische Sommerzeit)
70;1689942318000;Fri Jul 21 2023 14:25:18 GMT+0200 (Mitteleuropäische Sommerzeit)
68;1689942319000;Fri Jul 21 2023 14:25:19 GMT+0200 (Mitteleuropäische Sommerzeit)
65;1689942320000;Fri Jul 21 2023 14:25:20 GMT+0200 (Mitteleuropäische Sommerzeit)
69;1689942321000;Fri Jul 21 2023 14:25:21 GMT+0200 (Mitteleuropäische Sommerzeit)
50;1689942322000;Fri Jul 21 2023 14:25:22 GMT+0200 (Mitteleuropäische Sommerzeit)
65;1689942347000;Fri Jul 21 2023 14:25:47 GMT+0200 (Mitteleuropäische Sommerzeit)
69;1689942348000;Fri Jul 21 2023 14:25:48 GMT+0200 (Mitteleuropäische Sommerzeit)
66;1689942349000;Fri Jul 21 2023 14:25:49 GMT+0200 (Mitteleuropäische Sommerzeit)
68;1689942350000;Fri Jul 21 2023 14:25:50 GMT+0200 (Mitteleuropäische Sommerzeit)
67;1689942351000;Fri Jul 21 2023 14:25:51 GMT+0200 (Mitteleuropäische Sommerzeit)
50;1689942352000;Fri Jul 21 2023 14:25:52 GMT+0200 (Mitteleuropäische Sommerzeit)
67;1689942469000;Fri Jul 21 2023 14:27:49 GMT+0200 (Mitteleuropäische Sommerzeit)
71;1689942469000;Fri Jul 21 2023 14:27:49 GMT+0200 (Mitteleuropäische Sommerzeit)
73;1689942470000;Fri Jul 21 2023 14:27:50 GMT+0200 (Mitteleuropäische Sommerzeit)
50;1689942471000;Fri Jul 21 2023 14:27:51 GMT+0200 (Mitteleuropäische Sommerzeit)
71;1689942496000;Fri Jul 21 2023 14:28:16 GMT+0200 (Mitteleuropäische Sommerzeit)
66;1689942497000;Fri Jul 21 2023 14:28:17 GMT+0200 (Mitteleuropäische Sommerzeit)
